image_id,prediction,confidence
test_00001,4,0.6494801640510559
test_00002,2,0.4538387358188629
test_00003,4,0.5181844234466553
test_00004,3,0.4447328448295593
test_00005,3,0.9804738759994507
test_00006,3,0.7376235127449036
test_00007,1,0.9999607801437378
test_00008,0,0.9413754343986511
test_00009,3,0.9199603796005249
test_00010,1,0.999968409538269
test_00011,4,0.5504794716835022
test_00012,0,0.7814847230911255
test_00013,0,0.9813908338546753
test_00014,0,0.9892600774765015
test_00015,3,0.9839404821395874
test_00016,5,0.9456654787063599
test_00017,1,0.9999960660934448
test_00018,5,0.5649622082710266
test_00019,1,0.999383807182312
test_00020,2,0.9117322564125061
test_00021,3,0.5159973502159119
test_00022,0,0.41929852962493896
test_00023,3,0.40611597895622253
test_00024,0,0.9680609107017517
test_00025,2,0.7860345840454102
test_00026,5,0.9607255458831787
test_00027,5,0.5547191500663757
test_00028,1,0.9997076392173767
test_00029,2,0.4579716920852661
test_00030,2,0.9346703290939331
test_00031,4,0.6548947691917419
test_00032,0,0.8752979040145874
test_00033,2,0.8882070779800415
test_00034,5,0.99835604429245
test_00035,2,0.820483922958374
test_00036,3,0.7273129224777222
test_00037,3,0.9950600266456604
test_00038,2,0.4507131278514862
test_00039,2,0.9771506786346436
test_00040,2,0.8555755019187927
test_00041,1,0.9004887938499451
test_00042,2,0.9435413479804993
test_00043,5,0.9831933975219727
test_00044,0,0.9481021761894226
test_00045,4,0.39110898971557617
test_00046,5,0.7852752804756165
test_00047,4,0.5614786744117737
test_00048,2,0.8595885634422302
test_00049,4,0.4627704322338104
test_00050,4,0.5276785492897034
test_00051,3,0.3992908000946045
test_00052,0,0.9812290072441101
test_00053,2,0.7761382460594177
test_00054,1,0.9958341121673584
test_00055,0,0.42873769998550415
test_00056,4,0.44196373224258423
test_00057,3,0.9922134280204773
test_00058,0,0.9506228566169739
test_00059,0,0.996425211429596
test_00060,5,0.6301891207695007
test_00061,1,0.9998624324798584
test_00062,2,0.6549583077430725
test_00063,5,0.7932024002075195
test_00064,3,0.9948186278343201
test_00065,1,0.9999971389770508
test_00066,3,0.998749852180481
test_00067,1,0.99886155128479
test_00068,0,0.46059274673461914
test_00069,3,0.9156885147094727
test_00070,5,0.7017804980278015
test_00071,0,0.7762800455093384
test_00072,5,0.993671178817749
test_00073,3,0.7578573226928711
test_00074,3,0.46227961778640747
test_00075,1,0.9996626377105713
test_00076,3,0.8389658331871033
test_00077,0,0.9212151169776917
test_00078,5,0.9946133494377136
test_00079,2,0.7500978112220764
test_00080,3,0.9886550903320312
test_00081,4,0.6134742498397827
test_00082,0,0.4294455349445343
test_00083,3,0.976729154586792
test_00084,1,0.999896764755249
test_00085,5,0.8641574382781982
test_00086,4,0.5201007723808289
test_00087,3,0.6622690558433533
test_00088,4,0.46621325612068176
test_00089,1,0.8964611887931824
test_00090,4,0.5006469488143921
test_00091,1,0.999985933303833
test_00092,0,0.9825713038444519
test_00093,1,1.0
test_00094,4,0.5497755408287048
test_00095,3,0.9915961623191833
test_00096,0,0.9829808473587036
test_00097,1,0.9997656941413879
test_00098,2,0.5020071864128113
test_00099,3,0.9991114735603333
test_00100,3,0.9699706435203552
test_00101,1,0.9999513626098633
test_00102,5,0.6481168270111084
test_00103,1,0.9048613905906677
test_00104,2,0.9998526573181152
test_00105,5,0.9996140599250793
test_00106,2,0.968339741230011
test_00107,0,0.9566163420677185
test_00108,2,0.5695323348045349
test_00109,2,0.4644432067871094
test_00110,3,0.8874794840812683
test_00111,2,0.9502841830253601
test_00112,5,0.46554985642433167
test_00113,4,0.48711639642715454
test_00114,3,0.6004683971405029
test_00115,1,0.9998273849487305
test_00116,1,0.9999396800994873
test_00117,2,0.9421054720878601
test_00118,5,0.9949280023574829
test_00119,5,0.7284587621688843
test_00120,5,0.5573111772537231
test_00121,5,0.992120623588562
test_00122,4,0.5980728268623352
test_00123,4,0.3695247173309326
test_00124,1,0.9999834299087524
test_00125,1,0.9998512268066406
test_00126,3,0.4406706690788269
test_00127,4,0.44462165236473083
test_00128,3,0.9989664554595947
test_00129,1,0.9999980926513672
test_00130,3,0.7209714651107788
test_00131,2,0.558519184589386
test_00132,5,0.9028369188308716
test_00133,3,0.46289244294166565
test_00134,2,0.5930574536323547
test_00135,1,0.4875706434249878
test_00136,5,0.7567052841186523
test_00137,0,0.8245492577552795
test_00138,2,0.7135506868362427
test_00139,4,0.586839497089386
test_00140,1,0.9999852180480957
test_00141,5,0.9816111326217651
test_00142,1,0.9956396818161011
test_00143,4,0.4985429346561432
test_00144,2,0.9964243769645691
test_00145,0,0.7913379669189453
test_00146,3,0.3803236484527588
test_00147,0,0.9086320400238037
test_00148,3,0.726195752620697
test_00149,4,0.5309240818023682
test_00150,2,0.9978702068328857
test_00151,3,0.9920996427536011
test_00152,1,0.9997168183326721
test_00153,1,0.9923656582832336
test_00154,0,0.9816187024116516
test_00155,5,0.8474336266517639
test_00156,3,0.8939958214759827
test_00157,2,0.5312543511390686
test_00158,4,0.46798303723335266
test_00159,1,0.9980294108390808
test_00160,3,0.8682256937026978
test_00161,0,0.9142422676086426
test_00162,3,0.6751309037208557
test_00163,5,0.865742027759552
test_00164,1,1.0
test_00165,3,0.9338114261627197
test_00166,5,0.9500592350959778
test_00167,4,0.7214194536209106
test_00168,2,0.7380785346031189
test_00169,1,0.9835477471351624
test_00170,0,0.5675072073936462
test_00171,1,0.9999998807907104
test_00172,3,0.9440008997917175
test_00173,4,0.46775612235069275
test_00174,4,0.4846315085887909
test_00175,3,0.5273230671882629
test_00176,2,0.8097719550132751
test_00177,3,0.9056597352027893
test_00178,3,0.3730734884738922
test_00179,3,0.5042060613632202
test_00180,3,0.9885093569755554
test_00181,0,0.33496859669685364
test_00182,3,0.439800500869751
test_00183,2,0.6316720247268677
test_00184,4,0.46430379152297974
test_00185,5,0.8172180652618408
test_00186,5,0.5119109749794006
test_00187,5,0.4207325279712677
test_00188,2,0.7309314012527466
test_00189,3,0.9861811995506287
test_00190,4,0.4562869668006897
test_00191,4,0.3747161626815796
test_00192,1,0.9729581475257874
test_00193,2,0.7815477252006531
test_00194,3,0.8094649314880371
test_00195,5,0.8302141427993774
test_00196,1,0.9997941851615906
test_00197,4,0.47047385573387146
test_00198,1,0.999984860420227
test_00199,5,0.9973927736282349
test_00200,2,0.9406706094741821
test_00201,2,0.9102959036827087
test_00202,0,0.5721973180770874
test_00203,3,0.9903255701065063
test_00204,2,0.614122211933136
test_00205,5,0.9769351482391357
test_00206,1,0.9953161478042603
test_00207,2,0.9629936814308167
test_00208,2,0.9267148375511169
test_00209,1,0.9964122176170349
test_00210,0,0.7927231788635254
test_00211,5,0.9503581523895264
test_00212,1,0.8810555934906006
test_00213,5,0.6455652713775635
test_00214,0,0.8641766905784607
test_00215,1,0.999991774559021
test_00216,5,0.9564309120178223
test_00217,5,0.756049633026123
test_00218,5,0.9762994647026062
test_00219,4,0.6151478886604309
test_00220,2,0.2985932230949402
test_00221,5,0.9262368679046631
test_00222,0,0.7779686450958252
test_00223,1,0.9999867677688599
test_00224,2,0.9830209016799927
test_00225,1,0.9999910593032837
test_00226,5,0.9574601650238037
test_00227,2,0.977663516998291
test_00228,4,0.6032540798187256
test_00229,1,0.9523386359214783
test_00230,0,0.7545128464698792
test_00231,5,0.9681540727615356
test_00232,4,0.48424461483955383
test_00233,3,0.939422607421875
test_00234,3,0.6615508794784546
test_00235,1,0.9990866184234619
test_00236,2,0.853571355342865
test_00237,1,0.9999667406082153
test_00238,3,0.9750886559486389
test_00239,2,0.8337443470954895
test_00240,5,0.9730497002601624
test_00241,2,0.947677731513977
test_00242,5,0.9379675984382629
test_00243,3,0.9799060225486755
test_00244,5,0.9794172644615173
test_00245,1,0.999998927116394
test_00246,4,0.6191033124923706
test_00247,2,0.8374906778335571
test_00248,2,0.853838324546814
test_00249,2,0.9756863713264465
test_00250,2,0.9055864214897156
test_00251,5,0.9894948601722717
test_00252,5,0.9649688005447388
test_00253,2,0.42286163568496704
test_00254,3,0.9995736479759216
test_00255,0,0.7461819648742676
test_00256,4,0.5214744806289673
test_00257,2,0.9910528063774109
test_00258,4,0.4966493844985962
test_00259,1,0.9822102785110474
test_00260,2,0.5381931066513062
test_00261,1,0.9999953508377075
test_00262,4,0.4439280033111572
test_00263,1,0.6175812482833862
test_00264,3,0.9961340427398682
test_00265,2,0.9187317490577698
test_00266,5,0.9986072182655334
test_00267,2,0.9088162779808044
test_00268,2,0.7251654863357544
test_00269,0,0.9964599013328552
test_00270,5,0.5001193284988403
test_00271,3,0.972288966178894
test_00272,0,0.7721062898635864
test_00273,4,0.5868373513221741
test_00274,3,0.9913249015808105
test_00275,1,0.7577594518661499
test_00276,4,0.5238662362098694
test_00277,3,0.32696476578712463
test_00278,5,0.9731525182723999
test_00279,2,0.9488236904144287
test_00280,0,0.4127417206764221
test_00281,2,0.8321195244789124
test_00282,5,0.9424290657043457
test_00283,0,0.8239472508430481
test_00284,0,0.760901153087616
test_00285,0,0.7710697650909424
test_00286,5,0.5366368293762207
test_00287,2,0.44299614429473877
test_00288,3,0.9906281232833862
test_00289,0,0.9698017835617065
test_00290,2,0.41266873478889465
test_00291,1,0.9653151631355286
test_00292,1,0.9999278783798218
test_00293,0,0.4732321500778198
test_00294,1,0.963246762752533
test_00295,5,0.5465054512023926
test_00296,2,0.7732932567596436
test_00297,1,0.868995726108551
test_00298,3,0.9696429371833801
test_00299,2,0.6322587132453918
test_00300,5,0.9882886409759521
test_00301,5,0.984921395778656
test_00302,5,0.9866834282875061
test_00303,2,0.32357311248779297
test_00304,3,0.5750969052314758
test_00305,1,0.9999688863754272
test_00306,4,0.3893788754940033
test_00307,4,0.46886011958122253
test_00308,5,0.9929155111312866
test_00309,5,0.5072504878044128
test_00310,2,0.663673460483551
test_00311,2,0.5802654027938843
test_00312,3,0.7444599866867065
test_00313,5,0.9988666772842407
test_00314,4,0.588793933391571
test_00315,1,0.9985974431037903
test_00316,2,0.5009320974349976
test_00317,5,0.9335998892784119
test_00318,2,0.5548684597015381
test_00319,4,0.5167656540870667
test_00320,5,0.9651781916618347
test_00321,1,0.9988664388656616
test_00322,2,0.8202510476112366
test_00323,4,0.3403138816356659
test_00324,2,0.343860387802124
test_00325,5,0.6538318991661072
test_00326,0,0.7189185619354248
test_00327,2,0.9134553670883179
test_00328,2,0.796046257019043
test_00329,5,0.32259660959243774
test_00330,3,0.7136936187744141
test_00331,1,0.9997572302818298
test_00332,4,0.5972355604171753
test_00333,5,0.600008487701416
test_00334,4,0.5719391703605652
test_00335,2,0.8405860066413879
test_00336,3,0.6668384671211243
test_00337,1,0.9999954700469971
test_00338,5,0.9318835735321045
test_00339,3,0.883969247341156
test_00340,4,0.5117908716201782
test_00341,4,0.49048465490341187
test_00342,2,0.9096322059631348
test_00343,2,0.9799529314041138
test_00344,2,0.9991806149482727
test_00345,5,0.973628044128418
test_00346,3,0.9948421120643616
test_00347,0,0.7408936023712158
test_00348,3,0.9956385493278503
test_00349,2,0.9941095113754272
test_00350,5,0.9786164164543152
test_00351,2,0.4635688364505768
test_00352,4,0.5816025137901306
test_00353,2,0.5296527743339539
test_00354,5,0.9892681241035461
test_00355,5,0.9296775460243225
test_00356,1,0.9999433755874634
test_00357,0,0.985310435295105
test_00358,3,0.6129837036132812
test_00359,5,0.550210177898407
test_00360,2,0.9879066944122314
test_00361,3,0.27110210061073303
test_00362,4,0.3600400388240814
test_00363,1,0.9999872446060181
test_00364,1,0.99777752161026
test_00365,3,0.8932498097419739
test_00366,5,0.9859070777893066
test_00367,5,0.9988908171653748
test_00368,4,0.5197021961212158
test_00369,0,0.9392849206924438
test_00370,4,0.4131249487400055
test_00371,0,0.957062304019928
test_00372,0,0.6664773225784302
test_00373,0,0.954595148563385
test_00374,3,0.9705432057380676
test_00375,3,0.9524467587471008
test_00376,3,0.9850513935089111
test_00377,1,0.9999055862426758
test_00378,1,0.9840134978294373
test_00379,3,0.9864214658737183
test_00380,3,0.9800567030906677
test_00381,2,0.9802441596984863
test_00382,2,0.6544638276100159
test_00383,5,0.9882914423942566
test_00384,5,0.7675969004631042
test_00385,5,0.814050555229187
test_00386,0,0.5190414786338806
test_00387,4,0.6006382703781128
test_00388,0,0.6361633539199829
test_00389,0,0.9090028405189514
test_00390,3,0.61283278465271
test_00391,5,0.6796970367431641
test_00392,0,0.49025240540504456
test_00393,5,0.8871949911117554
test_00394,2,0.6957226395606995
test_00395,4,0.35076361894607544
test_00396,5,0.9852900505065918
test_00397,1,0.9411489367485046
test_00398,3,0.9863226413726807
test_00399,1,0.999980092048645
test_00400,4,0.2270641326904297
test_00401,2,0.6505197882652283
test_00402,3,0.6489452123641968
test_00403,2,0.9268872737884521
test_00404,0,0.7850118279457092
test_00405,0,0.9627217054367065
test_00406,4,0.5114260911941528
test_00407,1,0.7269566655158997
test_00408,5,0.9718900918960571
test_00409,5,0.6974239349365234
test_00410,2,0.9086012244224548
test_00411,2,0.36451271176338196
test_00412,1,0.9938536882400513
test_00413,4,0.3425726592540741
test_00414,2,0.43041783571243286
test_00415,4,0.43040555715560913
test_00416,5,0.9662196636199951
test_00417,3,0.485460102558136
test_00418,0,0.8205274343490601
test_00419,2,0.7565946578979492
test_00420,3,0.9740213751792908
test_00421,2,0.39874759316444397
test_00422,5,0.9722667932510376
test_00423,0,0.9816833734512329
test_00424,4,0.34402889013290405
test_00425,2,0.4280635118484497
test_00426,0,0.6157183051109314
test_00427,5,0.9926486611366272
test_00428,2,0.9537332057952881
test_00429,2,0.9392382502555847
test_00430,4,0.37571820616722107
test_00431,1,0.9999845027923584
test_00432,3,0.8046814799308777
test_00433,3,0.3975561857223511
test_00434,1,0.999599277973175
test_00435,2,0.6251762509346008
test_00436,0,0.789702832698822
test_00437,0,0.9762736558914185
test_00438,2,0.7312548160552979
test_00439,3,0.4077989161014557
test_00440,5,0.9959075450897217
test_00441,2,0.8597208261489868
test_00442,2,0.8876603841781616
test_00443,1,0.9863117337226868
test_00444,3,0.43912696838378906
test_00445,3,0.9886317849159241
test_00446,1,0.9999866485595703
test_00447,3,0.6737879514694214
test_00448,5,0.9119327664375305
test_00449,2,0.5890098214149475
test_00450,2,0.7033805847167969
test_00451,4,0.43149423599243164
test_00452,1,0.9999825954437256
test_00453,0,0.9845427870750427
test_00454,0,0.7727125883102417
test_00455,3,0.9787510633468628
test_00456,2,0.46532782912254333
test_00457,3,0.6145238876342773
test_00458,4,0.47353413701057434
test_00459,4,0.6587920784950256
test_00460,5,0.9950487017631531
test_00461,0,0.8746013045310974
test_00462,2,0.6141219139099121
test_00463,5,0.8255313038825989
test_00464,4,0.35261473059654236
test_00465,0,0.9802678823471069
test_00466,5,0.935168981552124
test_00467,1,0.3985271751880646
test_00468,4,0.4662450850009918
test_00469,4,0.47943148016929626
test_00470,1,0.6395442485809326
test_00471,3,0.9483981132507324
test_00472,4,0.5596563816070557
test_00473,0,0.8236560821533203
test_00474,5,0.998537540435791
test_00475,4,0.6212811470031738
test_00476,1,0.9993796348571777
test_00477,3,0.981123149394989
test_00478,4,0.4218457341194153
test_00479,1,0.9978516101837158
test_00480,5,0.8531108498573303
test_00481,0,0.8649653792381287
test_00482,0,0.9547221660614014
test_00483,5,0.6329542994499207
test_00484,5,0.7049686312675476
test_00485,2,0.6121317744255066
test_00486,3,0.9795333743095398
test_00487,2,0.286965012550354
test_00488,1,0.9997381567955017
test_00489,2,0.9340397119522095
test_00490,1,0.9407585859298706
test_00491,3,0.9294054508209229
test_00492,0,0.542693018913269
test_00493,4,0.5202372670173645
test_00494,1,0.999967098236084
test_00495,2,0.924595057964325
test_00496,0,0.9777268767356873
test_00497,5,0.9942195415496826
test_00498,5,0.95430988073349
test_00499,1,0.9995989203453064
test_00500,4,0.42662277817726135
test_00501,3,0.9917654395103455
test_00502,2,0.36238768696784973
test_00503,2,0.9955653548240662
test_00504,1,0.9999852180480957
test_00505,3,0.8989648818969727
test_00506,2,0.6999239325523376
test_00507,3,0.8987179398536682
test_00508,3,0.9947149157524109
test_00509,0,0.5523867607116699
test_00510,1,0.9946211576461792
test_00511,4,0.6840235590934753
test_00512,1,0.997154951095581
test_00513,5,0.9731079339981079
test_00514,1,0.9998387098312378
test_00515,5,0.8409110307693481
test_00516,2,0.5861640572547913
test_00517,0,0.9680772423744202
test_00518,0,0.5403791666030884
test_00519,5,0.5941143035888672
test_00520,2,0.83137446641922
test_00521,3,0.9917578101158142
test_00522,1,0.9979491829872131
test_00523,5,0.7957407832145691
test_00524,5,0.8488997220993042
test_00525,0,0.8645361661911011
test_00526,5,0.6631653308868408
test_00527,1,0.9826856851577759
test_00528,1,0.999990701675415
test_00529,1,0.6818357706069946
test_00530,0,0.9557579159736633
test_00531,4,0.6727814078330994
test_00532,2,0.565784215927124
test_00533,5,0.9044697880744934
test_00534,2,0.770697295665741
test_00535,3,0.6309414505958557
test_00536,4,0.4770999550819397
test_00537,1,0.9999531507492065
test_00538,0,0.48046696186065674
test_00539,3,0.6146535873413086
test_00540,5,0.90976881980896
test_00541,2,0.4883703291416168
test_00542,5,0.9798349738121033
test_00543,3,0.7096407413482666
test_00544,4,0.46953457593917847
test_00545,0,0.7573773860931396
test_00546,0,0.6265246868133545
test_00547,5,0.9589673280715942
test_00548,0,0.8572425842285156
test_00549,1,0.44215962290763855
test_00550,5,0.9627227783203125
test_00551,4,0.45863568782806396
test_00552,4,0.42940056324005127
test_00553,3,0.6290322542190552
test_00554,1,0.5516229867935181
test_00555,0,0.9366908669471741
test_00556,2,0.8329665660858154
test_00557,3,0.7752668857574463
test_00558,1,0.9998496770858765
test_00559,2,0.9951573014259338
test_00560,0,0.7282018065452576
test_00561,0,0.8994247317314148
test_00562,4,0.45989203453063965
test_00563,5,0.4365353286266327
test_00564,0,0.7477779388427734
test_00565,2,0.937105119228363
test_00566,3,0.5978989601135254
test_00567,3,0.5923665165901184
test_00568,1,0.9998809099197388
test_00569,3,0.892679750919342
test_00570,3,0.9995458722114563
test_00571,2,0.9974223375320435
test_00572,2,0.9838702082633972
test_00573,5,0.9114059805870056
test_00574,1,0.9999396800994873
test_00575,4,0.45332786440849304
test_00576,5,0.8460769653320312
test_00577,0,0.7186002731323242
test_00578,2,0.47874903678894043
test_00579,1,0.9804685115814209
test_00580,4,0.4758913516998291
test_00581,5,0.9975122213363647
test_00582,0,0.3568868339061737
test_00583,5,0.9643455743789673
test_00584,4,0.3676770031452179
test_00585,2,0.41747695207595825
test_00586,1,0.9999068975448608
test_00587,0,0.39080801606178284
test_00588,4,0.6398366093635559
test_00589,4,0.5889270305633545
test_00590,0,0.7732698321342468
test_00591,1,0.9999879598617554
test_00592,5,0.993459165096283
test_00593,2,0.8516519069671631
test_00594,5,0.7663750648498535
test_00595,4,0.3308965861797333
test_00596,1,0.9982720613479614
test_00597,1,0.9996891021728516
test_00598,4,0.6251401901245117
test_00599,1,0.9999908208847046
test_00600,5,0.9764443635940552
test_00601,3,0.5257704257965088
test_00602,0,0.7093310952186584
test_00603,0,0.4053087532520294
test_00604,1,0.9941679239273071
test_00605,0,0.6708020567893982
test_00606,1,0.5207012295722961
test_00607,2,0.9978514909744263
test_00608,0,0.7522637844085693
test_00609,1,0.9999946355819702
test_00610,0,0.8987885117530823
test_00611,3,0.9857009649276733
test_00612,2,0.9597989320755005
test_00613,0,0.9385648369789124
test_00614,0,0.9501833319664001
test_00615,0,0.9371504783630371
test_00616,1,0.9999829530715942
test_00617,3,0.6130607724189758
test_00618,1,1.0
test_00619,0,0.6671266555786133
test_00620,3,0.9768249988555908
test_00621,1,0.9995279312133789
test_00622,4,0.5064747929573059
test_00623,0,0.665830135345459
test_00624,1,0.9978088736534119
test_00625,0,0.7256345152854919
test_00626,3,0.9968336224555969
test_00627,5,0.9151760339736938
test_00628,3,0.6515985727310181
test_00629,1,0.9999986886978149
test_00630,0,0.9288313984870911
test_00631,2,0.7280594706535339
test_00632,3,0.9503689408302307
test_00633,5,0.8427123427391052
test_00634,2,0.7835063338279724
test_00635,1,0.999408483505249
test_00636,3,0.999154806137085
test_00637,5,0.5124897956848145
test_00638,2,0.9990087151527405
test_00639,4,0.43084830045700073
test_00640,3,0.9953263998031616
test_00641,5,0.9961943626403809
test_00642,2,0.8313120603561401
test_00643,5,0.9694074988365173
test_00644,5,0.6989509463310242
test_00645,1,0.9995300769805908
test_00646,4,0.4030956029891968
test_00647,4,0.47502651810646057
test_00648,5,0.733889102935791
test_00649,1,0.9995880722999573
test_00650,2,0.4424339532852173
test_00651,2,0.9144903421401978
test_00652,4,0.48342856764793396
test_00653,0,0.9334467649459839
test_00654,5,0.547950029373169
test_00655,1,0.999839186668396
test_00656,4,0.6507666110992432
test_00657,1,0.9999382495880127
test_00658,3,0.7063436508178711
test_00659,4,0.4643801152706146
test_00660,4,0.6147416830062866
test_00661,1,0.975648820400238
test_00662,0,0.4839380383491516
test_00663,1,0.9998444318771362
test_00664,5,0.8941283822059631
test_00665,2,0.9864740967750549
test_00666,3,0.5317801833152771
test_00667,1,0.9999985694885254
test_00668,2,0.5117416977882385
test_00669,0,0.5308612585067749
test_00670,4,0.5596204400062561
test_00671,2,0.9996862411499023
test_00672,4,0.27669966220855713
test_00673,1,0.972391664981842
test_00674,2,0.6825817823410034
test_00675,3,0.9920772910118103
test_00676,4,0.43233171105384827
test_00677,0,0.940481960773468
test_00678,0,0.7759618163108826
test_00679,1,0.8423283100128174
test_00680,3,0.9257983565330505
test_00681,3,0.7227064967155457
test_00682,2,0.4762633740901947
test_00683,5,0.9633559584617615
test_00684,4,0.7240561246871948
test_00685,1,0.9999938011169434
test_00686,3,0.9904780387878418
test_00687,1,0.9999996423721313
test_00688,1,0.9999637603759766
test_00689,1,0.9960373044013977
test_00690,0,0.3570655286312103
test_00691,4,0.634568452835083
test_00692,5,0.8861169815063477
test_00693,2,0.8475531935691833
test_00694,0,0.7517653107643127
test_00695,3,0.9322664141654968
test_00696,4,0.5538739562034607
test_00697,1,0.9984299540519714
test_00698,3,0.9402411580085754
test_00699,3,0.7381523251533508
test_00700,5,0.9862819314002991
test_00701,1,0.9999611377716064
test_00702,2,0.9906418919563293
test_00703,3,0.9969539642333984
test_00704,1,0.9480543732643127
test_00705,2,0.6499283313751221
test_00706,2,0.3211585283279419
test_00707,3,0.6744880080223083
test_00708,2,0.9926281571388245
test_00709,2,0.9619576334953308
test_00710,2,0.9735408425331116
test_00711,5,0.9989486336708069
test_00712,1,0.9986391663551331
test_00713,3,0.36627790331840515
test_00714,0,0.8230884671211243
test_00715,4,0.4067878723144531
test_00716,2,0.7290589809417725
test_00717,3,0.7272846698760986
test_00718,5,0.9977443218231201
test_00719,4,0.6291549801826477
test_00720,1,0.9981358051300049
test_00721,2,0.9892057180404663
test_00722,3,0.9742823243141174
test_00723,3,0.8231611251831055
test_00724,2,0.8635862469673157
test_00725,3,0.6139799356460571
test_00726,0,0.8425799608230591
test_00727,3,0.9998466968536377
test_00728,3,0.4678266942501068
test_00729,3,0.8011758327484131
test_00730,1,0.9999308586120605
test_00731,3,0.8957133293151855
test_00732,5,0.9110472798347473
test_00733,1,1.0
test_00734,1,0.9995896220207214
test_00735,5,0.996769905090332
test_00736,1,0.999984860420227
test_00737,2,0.42688655853271484
test_00738,4,0.34201493859291077
test_00739,2,0.5227355360984802
test_00740,1,0.9999397993087769
test_00741,0,0.9321397542953491
test_00742,4,0.4193609952926636
test_00743,5,0.9276818037033081
test_00744,2,0.4314754605293274
test_00745,2,0.4629405736923218
test_00746,5,0.9920539855957031
test_00747,2,0.9104351997375488
test_00748,1,0.9951879978179932
test_00749,4,0.6746593713760376
test_00750,2,0.9014056324958801
test_00751,0,0.7805960178375244
test_00752,4,0.36380478739738464
test_00753,1,0.9999663829803467
test_00754,1,0.9999879598617554
test_00755,3,0.9711730480194092
test_00756,4,0.4167456030845642
test_00757,2,0.53585284948349
test_00758,3,0.978492796421051
test_00759,3,0.8120551705360413
test_00760,2,0.8912328481674194
test_00761,4,0.5230750441551208
test_00762,1,0.9999922513961792
test_00763,0,0.46250247955322266
test_00764,0,0.9363399744033813
test_00765,1,0.9999995231628418
test_00766,2,0.9196301698684692
test_00767,1,0.9999202489852905
test_00768,4,0.6128503680229187
test_00769,0,0.8283884525299072
test_00770,3,0.9171557426452637
test_00771,4,0.4227781295776367
test_00772,2,0.46450376510620117
test_00773,3,0.9571052193641663
test_00774,0,0.5153958201408386
test_00775,5,0.9691302180290222
test_00776,1,0.8909769654273987
test_00777,2,0.9926251769065857
test_00778,3,0.9846190810203552
test_00779,5,0.9825144410133362
test_00780,0,0.6987204551696777
test_00781,0,0.4717649221420288
test_00782,2,0.9375806450843811
test_00783,5,0.9401792287826538
test_00784,3,0.971989631652832
test_00785,1,0.9999426603317261
test_00786,4,0.5981168746948242
test_00787,2,0.8214738965034485
test_00788,3,0.9804334044456482
test_00789,3,0.9940460920333862
test_00790,5,0.9438230991363525
test_00791,5,0.9056864976882935
test_00792,1,0.9999967813491821
test_00793,0,0.806929886341095
test_00794,1,0.9990622401237488
test_00795,3,0.8519593477249146
test_00796,3,0.5698903203010559
test_00797,0,0.955427348613739
test_00798,1,0.9975600242614746
test_00799,4,0.5142115354537964
test_00800,0,0.43628349900245667
test_00801,2,0.9296390414237976
test_00802,3,0.5189814567565918
test_00803,2,0.7498540282249451
test_00804,4,0.4783507287502289
test_00805,1,0.99993896484375
test_00806,5,0.848406195640564
test_00807,2,0.9995595812797546
test_00808,2,0.8213744163513184
test_00809,0,0.6062895059585571
test_00810,0,0.9315874576568604
test_00811,2,0.9949321150779724
test_00812,5,0.9832860231399536
test_00813,0,0.857058048248291
test_00814,4,0.5199235081672668
test_00815,2,0.37894392013549805
test_00816,4,0.6017772555351257
test_00817,0,0.5329498052597046
test_00818,3,0.5074105858802795
test_00819,3,0.9914981722831726
test_00820,2,0.8368478417396545
test_00821,2,0.9562976956367493
test_00822,5,0.9975537657737732
test_00823,4,0.27344635128974915
test_00824,0,0.848885715007782
test_00825,3,0.9927636981010437
test_00826,0,0.6327015161514282
test_00827,5,0.9963710308074951
test_00828,3,0.3903907239437103
test_00829,2,0.8551356792449951
test_00830,2,0.9433081150054932
test_00831,5,0.4644477367401123
test_00832,0,0.8606555461883545
test_00833,0,0.7376320362091064
test_00834,5,0.7968458533287048
test_00835,5,0.8224939107894897
test_00836,2,0.8664431571960449
test_00837,4,0.4289152920246124
test_00838,4,0.34863531589508057
test_00839,4,0.49350008368492126
test_00840,0,0.98037189245224
test_00841,2,0.5062577724456787
test_00842,0,0.9304517507553101
test_00843,1,0.9999701976776123
test_00844,5,0.7260604500770569
test_00845,3,0.6318760514259338
test_00846,0,0.5274187326431274
test_00847,3,0.7537605166435242
test_00848,2,0.6233281493186951
test_00849,5,0.9478866457939148
test_00850,5,0.9703614711761475
test_00851,3,0.9785958528518677
test_00852,4,0.40092015266418457
test_00853,5,0.7545412182807922
test_00854,5,0.5788087844848633
test_00855,2,0.6803291440010071
test_00856,3,0.5924088954925537
test_00857,5,0.7473762631416321
test_00858,5,0.9396342039108276
test_00859,1,0.9998875856399536
test_00860,4,0.34999531507492065
test_00861,1,0.9998108744621277
test_00862,2,0.33620402216911316
test_00863,1,0.9997990727424622
test_00864,1,0.9912993311882019
test_00865,1,0.9975038170814514
test_00866,4,0.551990270614624
test_00867,1,0.9997568726539612
test_00868,4,0.3469724655151367
test_00869,0,0.7516021728515625
test_00870,3,0.8541613817214966
test_00871,2,0.5734426975250244
test_00872,3,0.9381240010261536
test_00873,2,0.9339239001274109
test_00874,1,0.999904990196228
test_00875,4,0.3722142279148102
test_00876,4,0.5008318424224854
test_00877,0,0.8590471148490906
test_00878,0,0.8845550417900085
test_00879,2,0.7885878682136536
test_00880,1,0.9997974038124084
test_00881,1,0.9992849230766296
test_00882,2,0.5815259218215942
test_00883,5,0.9939326643943787
test_00884,3,0.9651741981506348
test_00885,5,0.8921140432357788
test_00886,3,0.6214555501937866
test_00887,0,0.8302910327911377
test_00888,1,0.9605981707572937
test_00889,5,0.5966944694519043
test_00890,1,0.9999947547912598
test_00891,1,0.9999052286148071
test_00892,0,0.7541980147361755
test_00893,1,0.5923131704330444
test_00894,0,0.2742680609226227
test_00895,5,0.9605236053466797
test_00896,5,0.9335137605667114
test_00897,3,0.2860247790813446
test_00898,5,0.947375476360321
test_00899,5,0.9088829755783081
test_00900,4,0.3530077338218689
test_00901,3,0.5310096144676208
test_00902,5,0.7610611915588379
test_00903,3,0.9767947793006897
test_00904,0,0.9339820146560669
test_00905,4,0.5188113451004028
test_00906,3,0.40376970171928406
test_00907,3,0.9109731912612915
test_00908,0,0.6082942485809326
test_00909,3,0.6220368146896362
test_00910,2,0.49172136187553406
test_00911,4,0.5342503190040588
test_00912,2,0.9911268353462219
test_00913,5,0.9050881862640381
test_00914,5,0.3859289884567261
test_00915,0,0.9887006878852844
test_00916,4,0.5991081595420837
test_00917,5,0.9937795996665955
test_00918,0,0.9670497179031372
test_00919,0,0.889208972454071
test_00920,0,0.8528381586074829
test_00921,4,0.6086030602455139
test_00922,5,0.9851570129394531
test_00923,5,0.8389114737510681
test_00924,1,0.9999994039535522
test_00925,0,0.8682919144630432
test_00926,1,0.9987640380859375
test_00927,5,0.9806511998176575
test_00928,4,0.7229250073432922
test_00929,5,0.9527193307876587
test_00930,2,0.506340742111206
test_00931,3,0.9932332634925842
test_00932,4,0.4181368052959442
test_00933,4,0.4483609199523926
test_00934,3,0.6236411333084106
test_00935,5,0.9936245679855347
test_00936,2,0.49327313899993896
test_00937,4,0.43912988901138306
test_00938,5,0.9939619898796082
test_00939,1,0.5837678909301758
test_00940,0,0.6080337762832642
test_00941,5,0.9433011412620544
test_00942,0,0.45460274815559387
test_00943,4,0.5029823184013367
test_00944,2,0.9531513452529907
test_00945,2,0.9443408250808716
test_00946,5,0.9732645750045776
test_00947,2,0.8842577338218689
test_00948,0,0.49443307518959045
test_00949,5,0.6607092022895813
test_00950,0,0.9559624791145325
test_00951,2,0.6931144595146179
test_00952,0,0.6962718367576599
test_00953,4,0.5388078093528748
test_00954,1,0.9753466248512268
test_00955,2,0.47172579169273376
test_00956,4,0.5512526035308838
test_00957,1,0.999968409538269
test_00958,3,0.40832218527793884
test_00959,5,0.9686699509620667
test_00960,3,0.7581617832183838
test_00961,5,0.35092484951019287
test_00962,2,0.9997445940971375
test_00963,0,0.8262128829956055
test_00964,1,0.9999372959136963
test_00965,4,0.673939049243927
test_00966,0,0.5144537687301636
test_00967,5,0.9782585501670837
test_00968,1,0.9620882272720337
test_00969,1,0.9999977350234985
test_00970,0,0.37625378370285034
test_00971,2,0.7896884679794312
test_00972,5,0.8340411186218262
test_00973,2,0.7999939918518066
test_00974,1,0.9993346333503723
test_00975,0,0.7108408212661743
test_00976,4,0.5063521862030029
test_00977,0,0.9467450380325317
test_00978,0,0.8024040460586548
test_00979,2,0.9054680466651917
test_00980,1,0.9997612833976746
test_00981,4,0.47422194480895996
test_00982,2,0.9802575707435608
test_00983,2,0.34448856115341187
test_00984,5,0.8090865015983582
test_00985,4,0.5286961793899536
test_00986,1,0.44736284017562866
test_00987,4,0.4704729914665222
test_00988,3,0.9838952422142029
test_00989,0,0.688923180103302
test_00990,4,0.4774520993232727
test_00991,2,0.9884591698646545
test_00992,3,0.982271671295166
test_00993,5,0.8701291680335999
test_00994,0,0.8404799103736877
test_00995,3,0.9961106181144714
test_00996,1,0.9995940327644348
test_00997,3,0.3666467070579529
test_00998,2,0.5910621285438538
test_00999,0,0.9970974922180176
test_01000,1,0.7089148759841919
test_01001,2,0.9958308339118958
test_01002,4,0.5117338299751282
test_01003,3,0.5441258549690247
test_01004,1,0.9372683763504028
test_01005,1,0.9999964237213135
test_01006,0,0.9862250089645386
test_01007,3,0.4355975091457367
test_01008,1,0.7139397263526917
test_01009,5,0.7769961953163147
test_01010,4,0.5577385425567627
test_01011,1,0.8375331163406372
test_01012,3,0.8427554965019226
test_01013,4,0.4135673940181732
test_01014,3,0.9683287739753723
test_01015,5,0.8548362255096436
test_01016,1,0.9999891519546509
test_01017,2,0.70426344871521
test_01018,2,0.9866439700126648
test_01019,2,0.4288685917854309
test_01020,2,0.6153940558433533
test_01021,1,0.9999803304672241
test_01022,3,0.978412926197052
test_01023,0,0.5325291156768799
test_01024,3,0.9120064377784729
test_01025,5,0.9896397590637207
test_01026,0,0.9458734393119812
test_01027,1,0.9998705387115479
test_01028,3,0.6905822157859802
test_01029,1,0.9999152421951294
test_01030,3,0.9968751668930054
test_01031,3,0.607562243938446
test_01032,3,0.8107349276542664
test_01033,1,0.9987379908561707
test_01034,3,0.98932284116745
test_01035,1,0.9446629285812378
test_01036,5,0.9996531009674072
test_01037,3,0.9796708226203918
test_01038,5,0.9929962754249573
test_01039,2,0.9838951230049133
test_01040,0,0.956392765045166
test_01041,3,0.691527783870697
test_01042,4,0.703982412815094
test_01043,0,0.5759261846542358
test_01044,2,0.9171306490898132
test_01045,4,0.6199235916137695
test_01046,0,0.7577428221702576
test_01047,5,0.9462838768959045
test_01048,4,0.5466291308403015
test_01049,4,0.48636484146118164
test_01050,0,0.9217436909675598
test_01051,5,0.9739684462547302
test_01052,2,0.3184214234352112
test_01053,5,0.8560363054275513
test_01054,5,0.8726140260696411
test_01055,0,0.454083651304245
test_01056,1,0.9998262524604797
test_01057,2,0.4667970538139343
test_01058,2,0.5433099865913391
test_01059,5,0.8325793147087097
test_01060,5,0.38410210609436035
test_01061,4,0.6262721419334412
test_01062,2,0.9811416268348694
test_01063,1,0.9999990463256836
test_01064,3,0.3845737874507904
test_01065,1,0.9999500513076782
test_01066,2,0.9239882230758667
test_01067,1,0.9333566427230835
test_01068,4,0.5118133425712585
test_01069,1,0.9997572302818298
test_01070,0,0.7456669211387634
test_01071,3,0.4625110924243927
test_01072,0,0.3902408480644226
test_01073,2,0.8165419101715088
test_01074,3,0.9536378979682922
test_01075,0,0.9537693858146667
test_01076,5,0.9058427810668945
test_01077,5,0.6883683204650879
test_01078,0,0.9084437489509583
test_01079,5,0.6863719820976257
test_01080,4,0.406414657831192
test_01081,1,0.9995655417442322
test_01082,0,0.41396358609199524
test_01083,1,0.784929633140564
test_01084,5,0.9984514713287354
test_01085,4,0.41181430220603943
test_01086,3,0.8212172985076904
test_01087,1,0.9997096657752991
test_01088,2,0.997929573059082
test_01089,5,0.6220219731330872
test_01090,3,0.9970771074295044
test_01091,2,0.9535300135612488
test_01092,2,0.4554688632488251
test_01093,4,0.5041339993476868
test_01094,5,0.9718252420425415
test_01095,3,0.9938783049583435
test_01096,0,0.44541704654693604
test_01097,1,0.9848839044570923
test_01098,4,0.7435295581817627
test_01099,1,0.9873342514038086
test_01100,3,0.9928988218307495
test_01101,0,0.7569208741188049
test_01102,5,0.9731513857841492
test_01103,5,0.7826719880104065
test_01104,3,0.9822874665260315
test_01105,2,0.7947818636894226
test_01106,5,0.529863178730011
test_01107,0,0.7538862824440002
test_01108,4,0.5820998549461365
test_01109,4,0.4491466283798218
test_01110,5,0.9864910840988159
test_01111,0,0.5611119270324707
test_01112,2,0.4377672076225281
test_01113,3,0.9860493540763855
test_01114,4,0.43522584438323975
test_01115,5,0.9809603691101074
test_01116,2,0.7471704483032227
test_01117,1,0.9999997615814209
test_01118,0,0.45106372237205505
test_01119,3,0.9981447458267212
test_01120,5,0.9651220440864563
test_01121,3,0.8833186626434326
test_01122,4,0.6031232476234436
test_01123,4,0.5074793696403503
test_01124,2,0.9966731071472168
test_01125,5,0.9909171462059021
test_01126,4,0.4876488745212555
test_01127,0,0.5786524415016174
test_01128,5,0.9981801509857178
test_01129,2,0.9891513586044312
test_01130,5,0.840275228023529
test_01131,4,0.4196499288082123
test_01132,2,0.9588578343391418
test_01133,2,0.4856933057308197
test_01134,0,0.9246498942375183
test_01135,2,0.6277511119842529
test_01136,4,0.4485912024974823
test_01137,4,0.4661835730075836
test_01138,2,0.9941954016685486
test_01139,2,0.5488253235816956
test_01140,3,0.9463282823562622
test_01141,0,0.5761464238166809
test_01142,3,0.7210367321968079
test_01143,1,0.9999767541885376
test_01144,2,0.534925103187561
test_01145,1,0.9993091821670532
test_01146,1,0.48766520619392395
test_01147,5,0.9820944666862488
test_01148,0,0.9977643489837646
test_01149,2,0.7334111332893372
test_01150,2,0.9799351096153259
test_01151,3,0.9537596702575684
test_01152,1,0.6740483045578003
test_01153,1,0.9999985694885254
test_01154,1,0.9788808822631836
test_01155,5,0.9891787767410278
test_01156,3,0.31633731722831726
test_01157,1,0.9996910095214844
test_01158,1,0.9999988079071045
test_01159,3,0.9275891780853271
test_01160,4,0.3990149199962616
test_01161,1,0.9969310760498047
test_01162,1,0.9999396800994873
test_01163,2,0.3527637720108032
test_01164,3,0.9677067995071411
test_01165,3,0.983086347579956
test_01166,1,0.999940037727356
test_01167,3,0.6978657245635986
test_01168,5,0.9264827966690063
test_01169,5,0.482191801071167
test_01170,3,0.986481785774231
test_01171,3,0.8366654515266418
test_01172,2,0.9728478193283081
test_01173,4,0.396543949842453
test_01174,3,0.633806049823761
test_01175,0,0.4292246103286743
test_01176,5,0.9807068109512329
test_01177,3,0.8886890411376953
test_01178,0,0.724696934223175
test_01179,1,0.9996148347854614
test_01180,4,0.5179387927055359
test_01181,2,0.7889351844787598
test_01182,3,0.9044207334518433
test_01183,4,0.5036094784736633
test_01184,1,0.9998828172683716
test_01185,1,0.9980558156967163
test_01186,2,0.9895385503768921
test_01187,0,0.9076937437057495
test_01188,0,0.47620508074760437
test_01189,5,0.941933274269104
test_01190,1,0.9999905824661255
test_01191,4,0.4397149384021759
test_01192,2,0.4915585517883301
test_01193,4,0.6053410768508911
test_01194,1,0.9999217987060547
test_01195,3,0.9800224304199219
test_01196,4,0.4520878195762634
test_01197,3,0.9869862198829651
test_01198,5,0.6217511296272278
test_01199,5,0.9733608961105347
test_01200,0,0.4889255464076996
test_01201,5,0.8589006662368774
test_01202,3,0.658171534538269
test_01203,1,0.914695143699646
test_01204,5,0.9875345230102539
test_01205,5,0.8748170137405396
test_01206,2,0.8515434265136719
test_01207,4,0.4212505519390106
test_01208,5,0.9862387776374817
test_01209,2,0.9054571986198425
test_01210,3,0.5890993475914001
test_01211,1,0.9999748468399048
test_01212,0,0.9499343633651733
test_01213,1,0.9999996423721313
test_01214,4,0.4850189983844757
test_01215,0,0.7620301842689514
test_01216,0,0.5374001860618591
test_01217,3,0.8514800071716309
test_01218,2,0.4233463406562805
test_01219,4,0.34257858991622925
test_01220,2,0.7000008225440979
test_01221,3,0.3592000901699066
test_01222,4,0.5000144243240356
test_01223,5,0.9674730896949768
test_01224,1,0.9312207698822021
test_01225,2,0.984524667263031
test_01226,5,0.4577893614768982
test_01227,2,0.8575815558433533
test_01228,1,0.9086752533912659
test_01229,2,0.6392470002174377
test_01230,4,0.5145676732063293
test_01231,1,0.9987974166870117
test_01232,5,0.9765665531158447
test_01233,2,0.8199965953826904
test_01234,4,0.5131437182426453
test_01235,3,0.4244129955768585
test_01236,5,0.9661027193069458
test_01237,2,0.9719139933586121
test_01238,5,0.6159534454345703
test_01239,2,0.7648094296455383
test_01240,4,0.48931604623794556
test_01241,5,0.9796733856201172
test_01242,3,0.9655374884605408
test_01243,4,0.4195922911167145
test_01244,5,0.5117068290710449
test_01245,4,0.5493903756141663
test_01246,5,0.8565547466278076
test_01247,0,0.8013935685157776
test_01248,4,0.4439504146575928
test_01249,2,0.982132613658905
test_01250,1,1.0
test_01251,3,0.9738571643829346
test_01252,3,0.9809048175811768
test_01253,0,0.8803418278694153
test_01254,5,0.5286890268325806
test_01255,5,0.5787804126739502
test_01256,1,0.9995404481887817
test_01257,2,0.3523555397987366
test_01258,5,0.970844030380249
test_01259,1,0.9131233096122742
test_01260,2,0.7967867851257324
test_01261,4,0.47135621309280396
test_01262,4,0.4801292419433594
test_01263,4,0.4207516014575958
test_01264,4,0.48772433400154114
test_01265,2,0.7899070978164673
test_01266,3,0.9725521802902222
test_01267,5,0.8737900257110596
test_01268,0,0.99737548828125
test_01269,0,0.8738749623298645
test_01270,4,0.4100087285041809
test_01271,3,0.9707513451576233
test_01272,5,0.9821500182151794
test_01273,5,0.9040382504463196
test_01274,2,0.9143558740615845
test_01275,5,0.7583240270614624
test_01276,2,0.9055241346359253
test_01277,4,0.7000741958618164
test_01278,2,0.9543158411979675
test_01279,5,0.9778345823287964
test_01280,2,0.9931979179382324
test_01281,1,0.9999216794967651
test_01282,5,0.9660038948059082
test_01283,5,0.675914466381073
test_01284,1,0.7483968138694763
test_01285,5,0.56669682264328
test_01286,1,0.9999656677246094
test_01287,0,0.4513687193393707
test_01288,1,0.999990701675415
test_01289,5,0.9920382499694824
test_01290,2,0.5366301536560059
test_01291,2,0.32166561484336853
test_01292,5,0.33110132813453674
test_01293,1,0.9999939203262329
test_01294,1,0.9998475313186646
test_01295,2,0.3522266149520874
test_01296,0,0.5068543553352356
test_01297,2,0.9972575306892395
test_01298,5,0.34870144724845886
test_01299,5,0.9484487175941467
test_01300,5,0.9844904541969299
test_01301,1,0.9999276399612427
test_01302,2,0.9616531133651733
test_01303,2,0.9777302742004395
test_01304,1,0.9956842660903931
test_01305,0,0.9368601441383362
test_01306,3,0.9963312745094299
test_01307,1,0.9983739852905273
test_01308,1,0.9999594688415527
test_01309,0,0.3650634288787842
test_01310,1,0.9999850988388062
test_01311,4,0.4438697397708893
test_01312,4,0.5061243176460266
test_01313,3,0.5092402696609497
test_01314,2,0.9950727820396423
test_01315,5,0.7124693393707275
test_01316,4,0.5936682820320129
test_01317,1,0.9999914169311523
test_01318,4,0.6035598516464233
test_01319,2,0.7117228507995605
test_01320,4,0.4182031452655792
test_01321,2,0.7223904728889465
test_01322,5,0.8956457376480103
test_01323,0,0.5297080874443054
test_01324,2,0.41548457741737366
test_01325,1,0.999966025352478
test_01326,3,0.8933622241020203
test_01327,3,0.9903305768966675
test_01328,4,0.5601816177368164
test_01329,0,0.920550525188446
test_01330,3,0.9950122237205505
test_01331,1,0.9988430738449097
test_01332,5,0.9872016906738281
test_01333,5,0.8872902393341064
test_01334,4,0.613767683506012
test_01335,3,0.9768178462982178
test_01336,2,0.6341162323951721
test_01337,3,0.6710988283157349
test_01338,3,0.9937147498130798
test_01339,5,0.9157500863075256
test_01340,1,1.0
test_01341,4,0.5697569847106934
test_01342,5,0.5395108461380005
test_01343,5,0.6126725673675537
test_01344,5,0.6228903532028198
test_01345,0,0.8025435209274292
test_01346,1,0.9998258948326111
test_01347,5,0.956612229347229
test_01348,3,0.5080270171165466
test_01349,5,0.6862894892692566
test_01350,0,0.7015420198440552
test_01351,5,0.44495338201522827
test_01352,3,0.6280254125595093
test_01353,3,0.997668445110321
test_01354,1,0.9999924898147583
test_01355,2,0.7166699767112732
test_01356,1,0.9995504021644592
test_01357,4,0.37039491534233093
test_01358,1,0.9999915361404419
test_01359,4,0.47778162360191345
test_01360,1,0.9999886751174927
test_01361,1,0.9999992847442627
test_01362,5,0.910766065120697
test_01363,5,0.5371996760368347
test_01364,0,0.43492138385772705
test_01365,5,0.9067514538764954
test_01366,5,0.9906567335128784
test_01367,0,0.9964898228645325
test_01368,5,0.6458912491798401
test_01369,4,0.5185374021530151
test_01370,2,0.7779949307441711
test_01371,3,0.6183480024337769
test_01372,2,0.9168880581855774
test_01373,0,0.8080113530158997
test_01374,5,0.963981568813324
test_01375,2,0.7995569109916687
test_01376,2,0.8995734453201294
test_01377,2,0.5362775325775146
test_01378,3,0.9891527891159058
test_01379,5,0.6597457528114319
test_01380,5,0.9932162165641785
test_01381,1,0.9967558979988098
test_01382,2,0.7838891744613647
test_01383,1,0.9999433755874634
test_01384,5,0.9863302707672119
test_01385,2,0.9986147880554199
test_01386,0,0.9111002087593079
test_01387,4,0.5656851530075073
test_01388,3,0.9816445112228394
test_01389,1,0.9998421669006348
test_01390,3,0.8159003853797913
test_01391,0,0.897494375705719
test_01392,5,0.800487756729126
test_01393,4,0.4064241051673889
test_01394,4,0.6527921557426453
test_01395,3,0.8779594898223877
test_01396,0,0.528337836265564
test_01397,5,0.6531867384910583
test_01398,4,0.43701350688934326
test_01399,3,0.9958212375640869
test_01400,2,0.6676327586174011
test_01401,4,0.5988888740539551
test_01402,5,0.9818956851959229
test_01403,0,0.8717859983444214
test_01404,5,0.9932804703712463
test_01405,2,0.8651784658432007
test_01406,1,0.9999581575393677
test_01407,3,0.8453369140625
test_01408,4,0.6617313027381897
test_01409,1,0.9977411031723022
test_01410,1,0.9999809265136719
test_01411,2,0.9708430171012878
test_01412,3,0.6355398893356323
test_01413,3,0.939344048500061
test_01414,5,0.7896907925605774
test_01415,2,0.8068135380744934
test_01416,4,0.5106019377708435
test_01417,0,0.6236863136291504
test_01418,4,0.7902505397796631
test_01419,0,0.943128228187561
test_01420,3,0.47118303179740906
test_01421,3,0.9708652496337891
test_01422,1,0.9999487400054932
test_01423,3,0.9043390154838562
test_01424,5,0.7703561186790466
test_01425,2,0.8732474446296692
test_01426,1,0.8828533887863159
test_01427,4,0.46713319420814514
test_01428,5,0.5596086978912354
test_01429,4,0.5922175645828247
test_01430,0,0.6523635387420654
test_01431,1,0.9989396929740906
test_01432,0,0.9320617318153381
test_01433,4,0.35445457696914673
test_01434,0,0.47251787781715393
test_01435,1,0.9997286200523376
test_01436,3,0.8748462796211243
test_01437,3,0.5453168749809265
test_01438,2,0.7102033495903015
test_01439,4,0.4565333127975464
test_01440,4,0.35851091146469116
test_01441,0,0.8266340494155884
test_01442,3,0.4824649691581726
test_01443,5,0.8936774730682373
test_01444,3,0.8867848515510559
test_01445,0,0.6333814263343811
test_01446,0,0.8893979787826538
test_01447,5,0.7956197261810303
test_01448,2,0.9722469449043274
test_01449,1,0.9996392726898193
test_01450,1,0.999976396560669
test_01451,4,0.3712911009788513
test_01452,4,0.5782434940338135
test_01453,2,0.930191159248352
test_01454,2,0.6003073453903198
test_01455,5,0.6872870326042175
test_01456,5,0.5384683012962341
test_01457,3,0.40546849370002747
test_01458,1,0.9997966885566711
test_01459,3,0.8954311013221741
test_01460,0,0.6896610260009766
test_01461,4,0.4243639409542084
test_01462,1,0.9517566561698914
test_01463,5,0.804947555065155
test_01464,5,0.9952557682991028
test_01465,1,0.9994332194328308
test_01466,3,0.9954350590705872
test_01467,4,0.31592607498168945
test_01468,2,0.96602863073349
test_01469,1,0.9999911785125732
test_01470,1,0.9978251457214355
test_01471,5,0.9986422657966614
test_01472,5,0.8556643128395081
test_01473,3,0.9932217597961426
test_01474,4,0.597994327545166
test_01475,3,0.4382173418998718
test_01476,0,0.8333439230918884
test_01477,3,0.5941106081008911
test_01478,1,0.5813604593276978
test_01479,5,0.5694966316223145
test_01480,1,0.9980716109275818
test_01481,3,0.9382646679878235
test_01482,0,0.7224948406219482
test_01483,0,0.799378514289856
test_01484,5,0.9866080284118652
test_01485,0,0.5033025741577148
test_01486,3,0.3003772795200348
test_01487,5,0.8347901105880737
test_01488,1,0.46858376264572144
test_01489,1,0.9998703002929688
test_01490,1,0.9999661445617676
test_01491,0,0.822300910949707
test_01492,2,0.7426050305366516
test_01493,4,0.6640118360519409
test_01494,2,0.9186868071556091
test_01495,0,0.985782265663147
test_01496,5,0.6404430866241455
test_01497,4,0.523029088973999
test_01498,4,0.5251897573471069
test_01499,4,0.48090237379074097
test_01500,0,0.7482414841651917
test_01501,5,0.8811866641044617
test_01502,3,0.9978692531585693
test_01503,4,0.4650821089744568
test_01504,3,0.9253319501876831
test_01505,2,0.9818552732467651
test_01506,3,0.5179413557052612
test_01507,2,0.9998194575309753
test_01508,5,0.9866081476211548
test_01509,4,0.48534730076789856
test_01510,1,0.9994890689849854
test_01511,3,0.545512318611145
test_01512,5,0.9846506118774414
test_01513,1,0.9999910593032837
test_01514,0,0.8628761768341064
test_01515,5,0.4984976649284363
test_01516,3,0.9977571368217468
test_01517,2,0.4924328923225403
test_01518,5,0.9798895120620728
test_01519,5,0.9914247989654541
test_01520,1,0.9879946112632751
test_01521,3,0.9990670084953308
test_01522,2,0.6820056438446045
test_01523,1,0.9991973042488098
test_01524,1,0.9997621178627014
test_01525,2,0.612660825252533
test_01526,5,0.9434771537780762
test_01527,4,0.4957180917263031
test_01528,0,0.6983477473258972
test_01529,5,0.8951108455657959
test_01530,1,0.970228374004364
test_01531,0,0.9078390598297119
test_01532,4,0.45117899775505066
test_01533,4,0.7824450731277466
test_01534,1,0.6596710085868835
test_01535,0,0.9458279609680176
test_01536,5,0.5011652112007141
test_01537,4,0.6493125557899475
test_01538,1,0.9999995231628418
test_01539,3,0.9982619881629944
test_01540,4,0.45897799730300903
test_01541,0,0.7559877634048462
test_01542,2,0.9974856376647949
test_01543,5,0.4649799168109894
test_01544,1,0.9999656677246094
test_01545,1,0.9993236064910889
test_01546,0,0.48097896575927734
test_01547,3,0.8974989056587219
test_01548,4,0.49546873569488525
test_01549,4,0.4439808428287506
test_01550,2,0.9215152859687805
test_01551,5,0.9823834896087646
test_01552,4,0.5482029914855957
test_01553,5,0.3538447618484497
test_01554,3,0.8678814768791199
test_01555,4,0.5931612253189087
test_01556,1,0.9999982118606567
test_01557,3,0.37520140409469604
test_01558,5,0.8461267352104187
test_01559,5,0.8781275749206543
test_01560,5,0.9477827548980713
test_01561,1,0.9997155070304871
test_01562,2,0.5299400687217712
test_01563,2,0.9558265209197998
test_01564,3,0.9965885877609253
test_01565,5,0.8752149343490601
test_01566,1,0.9997814297676086
test_01567,3,0.5250391960144043
test_01568,3,0.3801399767398834
test_01569,4,0.5181403160095215
test_01570,0,0.9424214363098145
test_01571,0,0.976735532283783
test_01572,3,0.5049811005592346
test_01573,3,0.7610037922859192
test_01574,0,0.9204725623130798
test_01575,0,0.6621280908584595
test_01576,3,0.9903706908226013
test_01577,4,0.4327145516872406
test_01578,1,0.5907260775566101
test_01579,5,0.9857869148254395
test_01580,5,0.9940902590751648
test_01581,1,0.9999961853027344
test_01582,4,0.47708824276924133
test_01583,1,0.9999998807907104
test_01584,3,0.39541733264923096
test_01585,2,0.9990671277046204
test_01586,5,0.9691398739814758
test_01587,0,0.5262219905853271
test_01588,5,0.42038872838020325
test_01589,3,0.7864073514938354
test_01590,2,0.5634793043136597
test_01591,3,0.38827458024024963
test_01592,3,0.9532768130302429
test_01593,3,0.8369107842445374
test_01594,1,0.9998600482940674
test_01595,5,0.8177657127380371
test_01596,2,0.8555224537849426
test_01597,5,0.8098156452178955
test_01598,5,0.894048273563385
test_01599,5,0.974449872970581
test_01600,0,0.6533020734786987
test_01601,4,0.41031232476234436
test_01602,2,0.7893159985542297
test_01603,0,0.6948462724685669
test_01604,0,0.6251696944236755
test_01605,3,0.701175332069397
test_01606,1,0.9999918937683105
test_01607,5,0.7239654064178467
test_01608,1,0.4495275616645813
test_01609,1,0.9990749359130859
test_01610,4,0.4638957381248474
test_01611,2,0.6413178443908691
test_01612,0,0.9856935739517212
test_01613,2,0.881092369556427
test_01614,1,0.9999048709869385
test_01615,2,0.9240835905075073
test_01616,2,0.7589394450187683
test_01617,5,0.6620631814002991
test_01618,1,0.5676173567771912
test_01619,5,0.47461652755737305
test_01620,0,0.8092266917228699
test_01621,5,0.9938092827796936
test_01622,5,0.8436431884765625
test_01623,2,0.7329902052879333
test_01624,4,0.4397505223751068
test_01625,5,0.6764049530029297
test_01626,0,0.5626229643821716
test_01627,5,0.6428444981575012
test_01628,5,0.8295796513557434
test_01629,2,0.4904160797595978
test_01630,1,0.6694210767745972
test_01631,3,0.5957416892051697
test_01632,3,0.9937373399734497
test_01633,4,0.607722282409668
test_01634,2,0.9836888313293457
test_01635,3,0.5557869672775269
test_01636,0,0.8392255306243896
test_01637,3,0.4400096833705902
test_01638,5,0.988580048084259
test_01639,4,0.5271369218826294
test_01640,5,0.7335008382797241
test_01641,1,0.9998807907104492
test_01642,4,0.5158464908599854
test_01643,1,1.0
test_01644,0,0.7038231492042542
test_01645,0,0.9688137769699097
test_01646,5,0.9473668932914734
test_01647,0,0.3848129212856293
test_01648,4,0.3732292950153351
test_01649,3,0.9361454248428345
test_01650,1,0.5301554203033447
test_01651,5,0.9273353815078735
test_01652,2,0.9885808825492859
test_01653,2,0.7670518755912781
test_01654,3,0.8824077844619751
test_01655,4,0.3988032341003418
test_01656,3,0.8302241563796997
test_01657,5,0.9636706113815308
test_01658,1,0.9998224377632141
test_01659,4,0.42336779832839966
test_01660,2,0.49018681049346924
test_01661,4,0.4368709921836853
test_01662,1,0.7444261908531189
test_01663,1,0.8880537152290344
test_01664,1,0.9997005462646484
test_01665,1,0.8956557512283325
test_01666,3,0.9611157774925232
test_01667,2,0.5607033371925354
test_01668,2,0.9898297190666199
test_01669,4,0.4858698546886444
test_01670,4,0.5758646726608276
test_01671,1,0.9999262094497681
test_01672,4,0.44434094429016113
test_01673,4,0.41173288226127625
test_01674,2,0.3553932011127472
test_01675,1,0.9999982118606567
test_01676,0,0.9139658808708191
test_01677,1,0.9998639822006226
test_01678,4,0.49524936079978943
test_01679,2,0.8861289620399475
test_01680,0,0.7479923963546753
test_01681,5,0.9960227012634277
test_01682,1,0.9998492002487183
test_01683,0,0.8295988440513611
test_01684,5,0.9853278994560242
test_01685,5,0.9240512251853943
test_01686,2,0.8581416010856628
test_01687,2,0.6207668781280518
test_01688,1,0.9956252574920654
test_01689,4,0.4062831997871399
test_01690,2,0.7830578088760376
test_01691,4,0.4845413267612457
test_01692,1,0.999971866607666
test_01693,4,0.4170904755592346
test_01694,3,0.9822524785995483
test_01695,1,0.979227602481842
test_01696,5,0.9722966551780701
test_01697,4,0.5277843475341797
test_01698,3,0.43274107575416565
test_01699,1,0.9997774958610535
test_01700,0,0.8531923890113831
test_01701,2,0.5604137182235718
test_01702,0,0.9035717248916626
test_01703,4,0.38675668835639954
test_01704,3,0.4677148461341858
test_01705,4,0.5785710215568542
test_01706,1,0.999988317489624
test_01707,0,0.7805435061454773
test_01708,1,0.9906777143478394
test_01709,2,0.9935181736946106
test_01710,3,0.35443755984306335
test_01711,1,0.9999983310699463
test_01712,2,0.91552734375
test_01713,5,0.4878300130367279
test_01714,4,0.606026828289032
test_01715,4,0.4057648181915283
test_01716,0,0.4864470362663269
test_01717,5,0.9085648059844971
test_01718,0,0.9557962417602539
test_01719,3,0.828750729560852
test_01720,0,0.9459474682807922
test_01721,1,0.9988285899162292
test_01722,5,0.9893572926521301
test_01723,1,0.9999997615814209
test_01724,4,0.45630380511283875
test_01725,5,0.3662998080253601
test_01726,3,0.4427519738674164
test_01727,0,0.6254053711891174
test_01728,1,0.9983277916908264
test_01729,3,0.9692182540893555
test_01730,2,0.7869474291801453
test_01731,3,0.5613061785697937
test_01732,4,0.556067705154419
test_01733,5,0.9375970959663391
test_01734,2,0.8388208746910095
test_01735,3,0.6589173078536987
test_01736,4,0.6288220882415771
test_01737,2,0.525130569934845
test_01738,1,0.9541438817977905
test_01739,3,0.8696083426475525
test_01740,3,0.9889000654220581
test_01741,4,0.39434248208999634
test_01742,0,0.8317955136299133
test_01743,5,0.9923032522201538
test_01744,1,0.9996626377105713
test_01745,3,0.7563069462776184
test_01746,2,0.9894339442253113
test_01747,1,0.4766659736633301
test_01748,2,0.8693512082099915
test_01749,0,0.452371746301651
test_01750,2,0.7924460172653198
test_01751,0,0.8004467487335205
test_01752,5,0.9961102604866028
test_01753,2,0.994411289691925
test_01754,0,0.5242951512336731
test_01755,1,0.9999953508377075
test_01756,1,0.998943030834198
test_01757,5,0.9933618307113647
test_01758,2,0.9854855537414551
test_01759,2,0.7740572690963745
test_01760,3,0.7982566952705383
test_01761,1,0.9998030066490173
test_01762,5,0.9592157006263733
test_01763,5,0.9561313390731812
test_01764,0,0.5704906582832336
test_01765,0,0.6774935722351074
test_01766,1,0.9971891045570374
test_01767,4,0.8035162091255188
test_01768,3,0.977222740650177
test_01769,1,0.9999594688415527
test_01770,2,0.8832618594169617
test_01771,5,0.7934661507606506
test_01772,2,0.9174091815948486
test_01773,3,0.5240535140037537
test_01774,3,0.9919162392616272
test_01775,1,0.9999779462814331
test_01776,3,0.9867948889732361
test_01777,0,0.48452022671699524
test_01778,4,0.4723167419433594
test_01779,3,0.637499213218689
test_01780,1,0.9999971389770508
test_01781,1,0.9999167919158936
test_01782,5,0.9254739880561829
test_01783,0,0.674301028251648
test_01784,3,0.9528687000274658
test_01785,2,0.8608317971229553
test_01786,2,0.5176218152046204
test_01787,0,0.5836364030838013
test_01788,1,0.695562481880188
test_01789,2,0.5887649059295654
test_01790,2,0.9490412473678589
test_01791,0,0.9687230587005615
test_01792,5,0.963526725769043
test_01793,0,0.6559470891952515
test_01794,1,0.9998855590820312
test_01795,1,0.999990701675415
test_01796,5,0.6180801391601562
test_01797,1,0.6281437277793884
test_01798,5,0.6598899364471436
test_01799,0,0.643073320388794
test_01800,4,0.333120197057724
